class,filename,width,height,aspect_ratio,file_size_bytes,file_size_kb,mode,mean_red,mean_green,mean_blue,std_red,std_green,std_blue,brightness,contrast
Apple Scab Leaf,apples_apple-scab_03_zoom.jpg,900,692,1.300578034682081,126472,123.5078125,RGB,116.5960838150289,164.2199405908799,80.47072896596018,36.034566476246965,33.417094658433854,25.776767531299097,120.42891779062299,46.93483102213438
Apple Scab Leaf,scab-venturia-inaequalis-development-of-disease-on-the-stem-upper-B359MJ.jpg,1300,960,1.3541666666666667,142842,139.494140625,RGB,104.24664663461539,117.71242708333334,78.95726682692307,74.76273220110947,66.36779438209865,86.66652815569469,100.3054468482906,78.05877735562427
Apple Scab Leaf,image005.jpg,329,220,1.4954545454545454,16857,16.4619140625,RGB,135.9805194805195,151.35826195081515,96.07138712351478,69.00199032539032,70.31500461781887,46.03121562744728,127.80338951828314,66.96507746859164
Apple Scab Leaf,DSC00005.JPG.jpg,400,265,1.509433962264151,45942,44.865234375,RGB,86.27853773584906,105.12379245283019,42.77645283018868,41.56979096054361,51.417885405562586,38.64986206939973,78.05959433962263,51.35036586335923
Apple Scab Leaf,apple-scab-venturia-inaequalis-leaf-symptoms-on-tree-dark-fungal-pustules-aceg6b.jpg,640,508,1.2598425196850394,102100,99.70703125,RGB,79.40832000492126,124.54025898129922,70.86180794783465,66.12733581971338,55.00687493522624,53.36950854146684,91.6034623113517,63.00967008112758
Apple Scab Leaf,apples-severely-affected-by-apple-scab-venturia-inaequalis-dgk11a.jpg,640,446,1.4349775784753362,76683,74.8857421875,RGB,90.69305983744394,97.50610986547085,38.774957959641256,74.10664367336746,63.64202347168801,54.705316546843825,75.65804255418536,69.75797485054396
Apple Scab Leaf,apple_scab_1465_180.jpg,180,269,0.6691449814126395,5007,4.8896484375,RGB,85.52641470466749,113.74849235852953,63.97428748451053,70.89929696485977,68.90153962833142,78.92301591355023,87.74973151590252,75.82683200565505
Apple Scab Leaf,inaequalis1a.jpg,375,426,0.8802816901408451,176578,172.439453125,RGB,91.62267292644758,114.77777151799687,74.34959624413146,49.09495239242167,43.11344816439358,54.035837279333506,93.58334689619197,51.67830142696015
Apple Scab Leaf,apple-scab-venturia-inaequalis-early-leaf-infection-and-mycelium-AW0TTX.jpg,1188,1390,0.8546762589928057,304561,297.4228515625,RGB,104.51168156383984,145.3328403943512,79.51086585277233,35.94154041445563,39.99443682295688,38.59636764168852,109.78512927032112,46.865086299673116
Apple Scab Leaf,crabapple%20scab%20Snowdrift%201%20Crab%206-24-16.JPG.jpg,1600,1200,1.3333333333333333,1036288,1012.0,RGB,137.989825,135.3069734375,58.963356770833336,50.21740789650912,47.80460105902815,33.653196317406795,110.75338506944445,57.63828286143606
Apple Scab Leaf,Apple-Scab-image-02.jpg,800,600,1.3333333333333333,401399,391.9912109375,RGB,94.7021375,97.50781041666667,72.58259375,72.81988798579978,62.94833156907914,47.50328579799291,88.26418055555555,62.96717357101996
Apple Scab Leaf,scab_large.jpg,914,1200,0.7616666666666667,130504,127.4453125,RGB,127.09367341356673,131.85977388767324,62.18492341356674,49.55560357274797,45.184875453540165,36.772570574507775,107.04612357160224,54.405274064689905
Apple Scab Leaf,seriously-unwell-apple-tree-fruit-brown-and-split-yellow-spots-on-leaves-scab-P67H27.jpg,1300,1203,1.0806317539484622,135120,131.953125,RGB,202.7129432828186,208.53334420359357,193.3905371187416,79.55973412279718,71.53263185902607,92.49000779068403,201.54560820171793,81.88969525217406
Apple Scab Leaf,apple_scab.jpg,300,360,0.8333333333333334,22670,22.138671875,RGB,227.98682407407406,218.80752777777778,202.9777962962963,45.16075404623582,53.976782738637205,73.16883651272016,216.5907160493827,59.516839449065095
Apple Scab Leaf,AppleScab14.jpg,480,320,1.5,28257,27.5947265625,RGB,109.4153125,136.52555989583334,70.16749348958334,56.71244250884466,54.5728412100139,37.66893630482811,105.36945529513889,57.27039614775081
Apple Scab Leaf,Apple-Scab1.jpg,279,181,1.5414364640883977,8917,8.7080078125,RGB,107.20582585793778,124.74413354719896,77.57785302679261,52.85584138049092,46.11079836488749,25.80752776023561,103.17593747730979,47.338015704743306
Apple Scab Leaf,apple_scab1.jpg,275,193,1.4248704663212435,9537,9.3134765625,RGB,119.75050400376826,151.5543099387659,43.24550164861046,54.11288286381211,59.07963285600551,32.274977033395984,104.85010519704821,67.47521287172812
Apple Scab Leaf,early_symptoms_of_crabapple_scab_on_prairifire.jpg,550,412,1.3349514563106797,58872,57.4921875,RGB,95.50127537511032,113.18626213592233,70.1558958517211,40.86893392380127,52.20562218567649,60.219387700313156,92.94781112091792,54.6432608949011
Apple Scab Leaf,apple_scab_early_jc_sm.jpg,378,288,1.3125,128032,125.03125,RGB,89.20200433568489,129.73747979129922,60.92571465314521,35.616148549532035,31.634048171257785,38.8707313353048,93.28839959337644,45.360534409559875
Apple Scab Leaf,apple-scab_figure-2.jpg,1500,1125,1.3333333333333333,579235,565.6591796875,RGB,104.72774518518519,136.32713896296298,105.74778548148149,37.12279614285483,33.68884584210308,54.67412778609258,115.6008898765432,45.26656941459276
Apple Scab Leaf,acfsca026527.jpg,504,330,1.5272727272727273,11052,10.79296875,RGB,153.79607984607983,130.89234607984608,73.64280303030303,38.93759960917046,32.66420090531201,26.33153868585842,119.44374298540966,47.2063423529992
Apple Scab Leaf,apple-scab-venturia-inaequalis-early-leaf-infection-and-mycelium-bxbd0k.jpg,604,540,1.1185185185185185,86915,84.8779296875,RGB,123.12251962227128,152.49589771891095,114.20106082904096,41.139585839381695,33.21978953241887,59.0938437321309,129.93982605674105,48.61777135093243
Apple Scab Leaf,venturia.jpg,640,430,1.4883720930232558,369783,361.1162109375,RGB,86.14926235465116,146.71887354651162,103.26627906976744,36.58963616084758,38.456733672004376,33.62392402692808,112.04480499031008,44.34043595502246
Apple Scab Leaf,scab-on-tall-spindle-apple-tree-d3phw6.jpg,640,444,1.4414414414414414,85420,83.41796875,RGB,122.97050605292793,144.34549197635135,69.31913710585586,63.36556532079176,55.98562258644848,64.81721258322875,112.21171171171171,69.13503766293636
Apple Scab Leaf,apple-scab-venturia-inaequalis-germinated-from-a-spore-shower-on-an-aw08hw.jpg,561,540,1.038888888888889,72805,71.0986328125,RGB,51.86282432164785,64.54386677229814,44.81171849211065,72.03832040159917,86.50544273213777,67.39074579642464,53.73946986201888,76.18876860178037
Apple Scab Leaf,Apple_Scab163.jpg,800,600,1.3333333333333333,42318,41.326171875,RGB,177.48424791666667,188.11734166666668,175.33437291666667,67.09088911224735,60.60984138405191,79.3639732823985,180.3119875,69.68279759357047
Apple Scab Leaf,apple-scab-disease.jpg,990,743,1.332436069986541,436656,426.421875,RGB,113.86440175646098,117.02342944927064,97.53830498796852,35.49426679131927,32.258491101256524,38.904735725853115,109.47537873123338,36.66406963859784
Apple Scab Leaf,IMG_3455-xjgwni-1024x1024.jpg,1024,1024,1.0,108141,105.6064453125,RGB,167.67002487182617,179.27312755584717,162.29518604278564,76.61084831503656,64.42378441603152,76.34661439847538,169.74611282348633,73.02748813272882
Apple Scab Leaf,apple-scab-venturia-inaequalis-lesions-mycelium-on-leaves-a8h9nb.jpg,450,312,1.4423076923076923,47095,45.9912109375,RGB,53.82663817663818,99.02375356125356,68.89125356125356,65.37863739578458,70.95416299491976,66.0152980014743,73.91388176638176,70.06213636227518
Apple Scab Leaf,DSCF1248-1gz1wpc.jpg,3296,2472,1.3333333333333333,1994564,1947.81640625,RGB,58.57047180852735,62.47616876983379,40.29568656820467,51.812574718313726,55.611284885392735,30.535278228975233,53.78077571552193,48.26993474344564
Apple leaf,green-apple-fruits-leaf-16266077.jpg,1275,1300,0.9807692307692307,100067,97.7216796875,RGB,216.39565369532428,226.83875716440423,188.66013273001508,57.90567653430409,41.47813467663714,91.00107324569173,210.63151452991454,68.63755045003876
Apple leaf,green-leaf-apple-tree-14300049.jpg,955,1300,0.7346153846153847,152147,148.5810546875,RGB,215.6324341522352,231.38934595247684,190.956082158679,65.93355109767386,41.62564476131677,104.01893302300385,212.65928742113036,76.87771610838759
Apple leaf,green-apple-leaf-26110796.jpg,1056,1300,0.8123076923076923,109126,106.568359375,RGB,220.88520323426573,235.88505681818182,183.61716856060605,49.28548951628581,28.589485387463085,97.27074539170316,213.4624762043512,68.6940740940866
Apple leaf,green-leaf-apple-tree-isolated-white-background-33032695.jpg,1300,967,1.344364012409514,174643,170.5498046875,RGB,198.90859040649113,206.66926258849733,181.57048922122345,78.43563667830672,68.1857366962672,100.99046787942451,195.71611407207064,84.32235856607808
Apple leaf,fruit_apple_apple-tree_wallpaper_EA60026.jpg,1024,768,1.3333333333333333,236158,230.623046875,RGB,90.67434946695964,109.79871241251628,65.17877197265625,46.513059146129855,42.297636837193934,38.179194720938156,88.55061128404405,46.23289089279233
Apple leaf,Crab-Apple-%28Malus-Sylvestris%29-Leaf.jpg,1000,1000,1.0,150009,146.4931640625,RGB,104.574265,157.51578,97.019233,59.2493695891338,39.137692228740306,62.590904555627816,119.70309266666666,60.918268530072964
Apple leaf,red-apple-leaves-309078.jpg,957,1300,0.7361538461538462,219804,214.65234375,RGB,227.62688610240335,210.46422715215817,203.71255847600676,59.66272444969605,85.47130460219161,96.37743294241336,213.93455724352276,82.57846066833694
Apple leaf,closeup-red-apple-fruit-leaf-isolated-white-background-57605895.jpg,1300,1390,0.935251798561151,165250,161.376953125,RGB,214.95118926397345,166.07470226895407,157.40815052573325,49.26638723121339,95.25137321979791,100.9501837606327,179.4780140195536,88.72431912919842
Apple leaf,AppleLeavesInRain.jpg,800,1025,0.7804878048780488,263202,257.033203125,RGB,90.27496341463414,139.29261463414633,21.59190975609756,47.40167890922531,53.39614333467677,29.747766284852332,83.71982926829268,65.76265283902508
Apple leaf,stock-photo-apple-leaves-isolated-on-white-background-232913425.jpg,450,392,1.1479591836734695,52943,51.7021484375,RGB,184.37503401360544,210.69236961451247,160.21181405895692,84.11768788577272,54.05505403703973,110.06803389230592,185.0930725623583,88.29424854947305
Apple leaf,Apple_tree_leaf_J1.jpg,3940,2720,1.4485294117647058,8881116,8672.96484375,RGB,105.78421525082113,124.96415571812481,52.60150641982681,50.30390288510841,59.74572342593405,52.181634681101826,94.44995912959092,62.273139369023035
Apple leaf,depositphotos_56066889-stock-photo-apple-with-leaf.jpg,447,450,0.9933333333333333,19709,19.2470703125,RGB,213.71241859308972,210.6637186179468,167.87762863534675,72.43452810254583,63.915902284521586,99.93483650731991,197.41792194879443,82.93082589999085
Apple leaf,stock-photo-green-apple-leaf-isolated-on-white-with-clipping-path-195130079.jpg,450,361,1.2465373961218837,37894,37.005859375,RGB,199.64955986457372,220.80765774084333,186.00624192059095,73.87919976249826,46.57296740770936,90.87985018369163,202.15448650866932,74.1649195552327
Apple leaf,Malus+sylvestris+-+Crab+Apple+04.jpg,1440,1484,0.9703504043126685,302128,295.046875,RGB,71.86950621443546,82.85206414719975,59.57010660002995,47.45144001610422,47.721956889855235,45.276808585346394,71.43055898722173,47.785379599098306
Apple leaf,stock-photo-green-apple-leaf-clipping-path-258728936.jpg,450,365,1.2328767123287672,40737,39.7822265625,RGB,204.639098934551,222.00126636225266,176.4922313546423,68.20869544260908,46.48315056090282,102.84000668346808,201.0441988838153,78.40939035585394
Apple leaf,crab_apple_03_leaves.jpg,800,752,1.0638297872340425,697761,681.4072265625,RGB,79.6808909574468,94.43394614361702,61.411668882978724,48.815255028948705,63.02777636621786,40.51025452339118,78.50883532801419,53.366051656142396
Apple leaf,CRABAPPLE3_leaves.jpg,802,602,1.3322259136212624,90705,88.5791015625,RGB,87.66349491719207,112.42241779272749,65.14383269401247,54.227186625270534,61.614261295386356,55.701005206211555,88.40991513464401,60.437226288743084
Apple leaf,depositphotos_6657863-stock-photo-single-red-apple-with-leaf.jpg,450,424,1.0613207547169812,20372,19.89453125,RGB,242.15911949685534,206.19825995807128,198.58773060796645,34.242397060623816,67.21163468956185,72.4320681336389,215.64837002096436,63.29702447817281
Apple leaf,stock-photo-green-apple-leaves-on-the-white-background-796491496.jpg,450,367,1.2261580381471389,171009,167.0009765625,RGB,201.81270360278535,219.6987889797154,188.32618225855282,70.2649349329044,47.715044856399054,86.2296344830565,203.27922494701787,71.05111470712474
Apple leaf,appleleaf+trial+007.JPG.jpg,1200,630,1.9047619047619047,171028,167.01953125,RGB,105.89628835978836,140.30764682539683,60.322343915343914,58.32551258667907,61.280723707702876,51.50872453153786,102.17542636684303,65.90380055117409
Apple leaf,stock-photo-sweet-apple-with-leaf-111143150.jpg,450,380,1.1842105263157894,34605,33.7939453125,RGB,237.41226900584795,183.70526315789473,179.92494152046783,39.16897267266184,87.93742476359856,90.14885706736462,200.34749122807017,80.54368911394755
Apple leaf,2017-09-23-07-48-04.jpg,2016,1344,1.5,254361,248.3994140625,RGB,122.29780911930744,125.953426900274,113.2259055531935,67.88239508975035,71.32062193814033,73.08490108826449,120.49238052425831,70.9975062995959
Apple leaf,Dwarf-Apple-Pink-Lady-2545.jpeg.jpg,448,600,0.7466666666666667,64899,63.3779296875,RGB,177.80930059523808,176.41477678571428,153.75739955357142,63.34782051808716,55.8144187835599,77.50327995128927,169.3271589781746,67.08092767417577
Apple leaf,apple-tree-leaf-curl-apple-tree-leaf-curl-aphids-apple-tree-leaves-curling-too-much-water.jpg,690,920,0.75,113845,111.1767578125,RGB,122.10094517958412,147.85531505986137,120.38672495274102,62.701576478334665,53.60305063410654,58.804398466735634,130.1143283973955,59.82283620913618
Apple leaf,stock-photo-apple-leaf-isolated-on-white-background-287560226.jpg,450,360,1.25,42440,41.4453125,RGB,196.55332716049384,213.21806172839507,165.4027098765432,75.00095181727966,54.17091463407726,112.22508776898032,191.72469958847736,86.27905982575335
Apple leaf,shiny-red-apple-green-leaf-isolated-white-background-56202743.jpg,1383,1300,1.0638461538461539,188829,184.4033203125,RGB,227.2834768340842,193.38924801156907,172.86634351187496,47.203871692090566,77.85220925850759,96.44848597149691,197.84635611917608,79.79534939221229
Apple leaf,stock-photo-apple-leaves-collection-isolated-on-white-background-373945045.jpg,450,435,1.0344827586206897,59163,57.7763671875,RGB,207.06415836526182,222.7742171136654,183.76669220945084,63.10845971044397,42.184074523645336,89.97098362484711,204.53502256279268,69.8267857303608
Apple leaf,green-apple-leaf-white-background-33503979.jpg,1300,1137,1.1433597185576077,148288,144.8125,RGB,214.10459238211217,232.83428929030512,205.25658818753806,77.3744217740354,42.866012452227174,92.43002501048211,217.39848995331846,74.75324994658612
Apple leaf,green-apple-leaf-slice-isolated-white-ripe-background-clipping-path-45471482.jpg,1300,1390,0.935251798561151,168888,164.9296875,RGB,213.6403669064748,221.39126618705035,181.1935157719978,55.853381571188386,46.312317455189635,87.11877976936233,205.40838295517432,67.73401577343259
Apple leaf,stock-photo-red-apple-with-leaf-124592107.jpg,1500,1600,0.9375,543528,530.7890625,RGB,225.71666666666667,175.33567541666667,170.90104166666666,54.97186423273476,93.28261753902126,95.25993669384277,190.65112791666667,86.89501161566254
Apple rust leaf,Cedar_apple_rust_on_crab_apple_leaf_upper_surface.JPG.jpg,3008,2000,1.504,1198791,1170.6943359375,RGB,96.29602277260638,111.2419178856383,59.49538730053192,49.538789571542566,47.07820376020239,38.35780505680941,89.0111093195922,50.20035461395814
Apple rust leaf,car-apple1.jpg,1292,1104,1.1702898550724639,335995,328.1201171875,RGB,139.5938874119442,125.99120213016556,38.13778982702921,53.62905640317781,20.802487427356038,17.595899117421748,101.24095978971299,56.815392433323346
Apple rust leaf,Rust--CA.jpg,400,249,1.606425702811245,203098,198.337890625,CMYK,87.1701907630522,171.15149598393575,44.369467871485945,70.37882092435596,50.21247035835759,77.84660058350399,100.8970515394913,85.35034704658153
Apple rust leaf,cedar-apple-rust.jpg,270,270,1.0,26661,26.0361328125,RGB,110.76943758573388,125.94300411522634,71.86964334705075,61.05232646365497,52.47638389500039,31.843268486193008,102.86069501600366,54.92703544138644
Apple rust leaf,Figure-3.-Aecial-projections-on-the-underside-of-an-apple-leaf-with-cedar-apple-rust-disease-.jpg,550,407,1.3513513513513513,168399,164.4521484375,RGB,119.10485593031048,113.89907080634353,96.24697788697789,58.46560270893345,60.76438914522032,64.58816352097011,109.75030154121063,62.0999953818224
Apple rust leaf,car2.jpg,400,599,0.667779632721202,30356,29.64453125,RGB,109.14701585976627,132.99403171953256,87.99433222036728,61.614088375443615,56.529930888418846,44.35003525712986,110.0451265998887,57.65573397837351
Apple rust leaf,3-Rust-induced-leaf-scorch-1emjjbl.jpg,706,1024,0.689453125,323516,315.93359375,RGB,96.2052731608534,118.83566085339943,83.3162610105347,46.777898664094366,49.55588899883654,43.32306112590923,99.45239834159584,48.87901792084999
Apple rust leaf,car1.jpg,320,320,1.0,43509,42.4892578125,RGB,104.035947265625,106.12611328125,89.9251953125,73.53410764462276,69.93727849698823,57.20695698685805,100.02908528645834,67.64229723146042
Apple rust leaf,LIFH3.jpg,1280,960,1.3333333333333333,329776,322.046875,RGB,122.18282063802083,149.3859708658854,124.55715006510417,45.40095528733216,33.963872603302235,47.92624355648128,132.04198052300347,44.593556807704736
Apple rust leaf,cedar%20apple%20rust%20upper%20leaf%20surface%20S%20ne%20OH%20RA%209-2-16.jpg,2480,1860,1.3333333333333333,1874331,1830.4013671875,RGB,91.30600437911897,147.99261164585502,30.780903355879293,54.05333065752606,46.03383118152939,52.417929776319355,90.02650646028442,69.90532522149788
Apple rust leaf,cedar-apple-rust_fig-3.jpg,5184,3456,1.5,4620609,4512.3134765625,RGB,116.20706524214464,122.64722561585505,76.60857632414195,47.66759515549598,43.83875265988164,36.773945269212085,105.15428906071388,47.57234252386375
Apple rust leaf,cedar_apple_rust_on_jonagold_2.jpg,640,480,1.3333333333333333,29734,29.037109375,RGB,170.27152994791666,178.25374348958334,140.39205078125,59.81972234676147,53.709956034820294,75.96649284037122,162.97244140625,65.90583059955291
Apple rust leaf,apple_leaf.JPG.jpg,640,480,1.3333333333333333,113134,110.482421875,RGB,225.267666015625,231.87771809895833,218.27109049479168,48.096751707635676,39.359185129239144,64.47837318241616,225.13882486979168,52.00159819516807
Apple rust leaf,Fig-17-Apple-rust-on-lower-surface-on-leaf-at-extreme.jpg,500,405,1.2345679012345678,29565,28.8720703125,L,149.72553580246912,149.72553580246912,149.72553580246912,63.13473472394996,63.13473472394996,63.13473472394996,149.72553580246912,63.134734723949954
Apple rust leaf,applerust-500x383.jpg,500,383,1.3054830287206267,99005,96.6845703125,RGB,147.93373890339424,152.3045326370757,132.41052219321148,58.431873263848296,57.72300871462591,71.01765087100848,144.2162645778938,63.267557595340236
Apple rust leaf,CAR4.jpg,640,480,1.3333333333333333,149562,146.056640625,RGB,91.42976236979166,115.59534505208333,80.1238671875,41.61738139122647,43.13126197529421,40.835856584153184,95.71632486979166,44.40928647049027
Apple rust leaf,cedar_apple_rust_on_jonagold_3.jpg,640,480,1.3333333333333333,32103,31.3505859375,RGB,145.481884765625,159.65759114583332,106.38760091145834,57.18134094761551,47.14465876349715,77.97760289110465,137.17569227430556,66.06856624113146
Apple rust leaf,car-apple9.jpg,1503,1782,0.8434343434343434,478765,467.5439453125,RGB,171.70477488718785,177.6228840485882,131.22055328176418,67.81681700932913,62.41256518498978,95.36397402630604,160.18273740584675,79.29787865219852
Apple rust leaf,quince5_600px.jpg,600,450,1.3333333333333333,35499,34.6669921875,RGB,69.49167777777778,125.2025,79.0516,35.43941681340073,21.34658506061333,29.812265628167957,91.24859259259259,38.18986749781525
Apple rust leaf,frog-eye-leaf-spot-on-crabapple-grabowski.jpg,600,450,1.3333333333333333,74706,72.955078125,RGB,135.9756962962963,140.67147407407407,92.07912222222222,55.95186709621233,43.06583922034994,59.713886551466054,122.90876419753086,57.69965796358561
Apple rust leaf,apples_rusts-cedar-apple_01_zoom.jpg,900,692,1.300578034682081,121802,118.947265625,RGB,108.30570166987798,111.1349678869621,83.18044476557482,46.93416052448748,34.05724059923288,36.162924529522485,100.8737047741383,41.408725812159645
Apple rust leaf,apples_rusts+apple-scab.jpg,900,537,1.675977653631285,115940,113.22265625,RGB,125.22053589902752,127.79481067659839,99.58513345747983,63.98871226467959,56.36623304767718,67.49795727164643,117.53349334436858,64.06822051631411
Apple rust leaf,DAxpYpoWAAQxi1f.jpg,1200,675,1.7777777777777777,239620,234.00390625,RGB,106.20194938271605,126.24318395061728,81.21888148148147,54.853345895697146,54.29895914320364,55.92082577264572,104.55467160493828,58.028928037703
Apple rust leaf,car.jpg,700,933,0.7502679528403001,65987,64.4404296875,RGB,98.61388148828664,115.52127239320166,71.25845506048078,59.65831198731121,50.44439565726934,36.67524477325281,95.13120298065635,53.06165249052802
Apple rust leaf,buckinghamshire-speen-garden-detail-cedar-apple-rust-on-apple-underside-f5d3r7.jpg,640,447,1.4317673378076063,107216,104.703125,RGB,93.2428341722595,97.57761814876957,66.15784395973154,45.70602066980439,45.99570016899359,48.27578677101429,85.65943209358687,48.69996383824899
Apple rust leaf,1-Severe-cedar-apple-rust-on-Ginger-Gold-1-Jul-09-1n5iktz.jpg,1966,1502,1.3089214380825567,730367,713.2490234375,RGB,154.30994618230287,154.49563789481098,117.2016778578037,66.14194798452219,66.34914689184689,90.63265612578915,142.00242064497252,77.27413848927223
Apple rust leaf,CAR%2Bzestar.JPG.jpg,1600,1299,1.2317167051578137,383724,374.73046875,RGB,106.0042393187067,137.5873085065435,56.72046333718245,49.4799665511166,41.708382663249346,46.58774097711078,100.10400372081088,56.80439060971359
Apple rust leaf,cd6bfd6bfbcac781bd496bf13845fb0f.jpg,360,360,1.0,30083,29.3779296875,RGB,123.36110339506173,127.00014660493827,63.73608796296296,51.37314291214241,45.160066912007835,51.590188201309985,104.69911265432098,57.34037082880294
Apple rust leaf,cedar%20apple%20rust%20lower%20leaf%20haw%20S%202%20ne%20OH%20RA%209-2-16.jpg,2440,1830,1.3333333333333333,1755653,1714.5048828125,RGB,99.59857139657798,139.21167808832752,43.63662590701424,60.81893169811125,56.978842493535964,57.225816922839286,94.14895846397324,70.3139810390798
Apple rust leaf,apple_F14b.jpg,350,237,1.4767932489451476,9120,8.90625,RGB,134.739095840868,139.6533936106088,103.14044605183845,49.144587886475364,37.21030756100779,70.19319295768565,125.84431183443841,56.309132735899645
Bell_pepper leaf,Bell-pepper-plant.JPG.jpg,768,1024,0.75,296862,289.904296875,RGB,113.40820693969727,126.98536936442058,75.15914662679036,70.02220387985707,62.26822671950756,71.34610454692744,105.1842409769694,71.44960189967195
Bell_pepper leaf,951d30.jpg,600,450,1.3333333333333333,131298,128.220703125,RGB,98.71332222222222,103.77231111111111,62.4307,52.090679385228704,58.12272165500073,53.09319190950596,88.30544444444445,57.52572457294193
Bell_pepper leaf,bb2581.jpg,800,600,1.3333333333333333,179263,175.0615234375,RGB,75.59835625,118.69078333333333,73.45958541666667,74.57001246735459,59.51632942635481,64.84316309368928,89.249575,69.78533828890673
Bell_pepper leaf,004-10.jpg,640,480,1.3333333333333333,197363,192.7373046875,RGB,98.42806315104167,130.31989908854166,56.7670703125,58.044892498322746,61.58374256910618,57.21035968668114,95.1716775173611,66.22111327718909
Bell_pepper leaf,bell%20pepper%20rain%20590x330.jpg,590,332,1.7771084337349397,203012,198.25390625,RGB,73.479992852767,122.66818970798448,8.171329385337962,31.135820823121694,50.13084783021713,15.398916503987344,68.10650398202982,58.64510481941472
Bell_pepper leaf,green-pepper-leaves-11364990.jpg,800,572,1.3986013986013985,127100,124.12109375,RGB,71.95159746503496,124.94837412587412,48.78221590909091,57.07676769276663,65.54064919313228,45.72722626824908,81.8940625,65.04673723384904
Bell_pepper leaf,green-pepper-leaf-parks-3302644.jpg,1300,960,1.3541666666666667,169553,165.5791015625,RGB,106.87044310897436,108.96304006410256,63.68651842948718,78.14444803748057,70.23148159736184,75.44895768453765,93.17333386752136,77.54129843756284
Bell_pepper leaf,leaves11.jpg,800,1067,0.7497656982193065,221056,215.875,RGB,111.43401358950328,115.78196344892221,98.27742619493908,34.70768004946363,35.233705113071984,47.82932352273688,108.4978010777882,40.41376682584971
Bell_pepper leaf,leaves.jpg,1024,768,1.3333333333333333,90378,88.259765625,RGB,86.43755340576172,147.56620915730795,102.19885381062825,40.55586996882096,49.448178514406095,51.99203583356732,112.06753879123264,54.18337823018105
Bell_pepper leaf,5493139683d035a18fd0dfa12893f38b--outdoor-decor-worms.jpg,236,314,0.7515923566878981,16977,16.5791015625,RGB,76.49990553816258,118.35707923998704,53.96480621828781,43.66229599975152,53.01228756750953,47.688152190184205,82.94059699881248,55.155128974592735
Bell_pepper leaf,IMG_2855-1.jpg,598,799,0.7484355444305382,370107,361.4326171875,RGB,120.98616372472279,131.92700951440136,113.53764530077312,43.312763747270964,42.76163933896927,48.570745206890635,122.15027284663243,45.587965062056995
Bell_pepper leaf,dscf1776.jpg,3264,2448,1.3333333333333333,1955192,1909.3671875,RGB,115.10052961901673,148.4760105788639,105.55246479719338,63.029943835647515,64.7474313735978,71.88060565583045,123.04300166502468,69.15601888336892
Bell_pepper leaf,stock-photo-closeup-of-underside-of-bell-pepper-leaf-isolated-on-white-background-114184570.jpg,996,1600,0.6225,286494,279.779296875,RGB,209.9753733684739,225.42754204317268,191.53015248493975,66.2142135411984,52.17984673430901,89.02772829340685,208.97768929886212,72.13183406066396
Bell_pepper leaf,Bell-pepper-leaves.jpg,498,374,1.3315508021390374,112366,109.732421875,RGB,91.06659257350256,112.49536112363894,83.56112149131285,55.40318048813906,64.70721864416889,67.23808066418769,95.70769172948478,63.84460524816832
Bell_pepper leaf,0f3sA.jpg,1032,581,1.7762478485370052,207993,203.1181640625,RGB,80.83073656753258,104.56675539366769,51.81672870885536,53.20916253074918,66.10137282710022,48.11131293928205,79.07140689001855,60.30818191751428
Bell_pepper leaf,ac9201ad84e0987e6fdd2589258d72fd.jpg,230,286,0.8041958041958042,16214,15.833984375,RGB,102.13557312252965,136.93107327455152,69.59981757373062,43.725526788124064,49.92033444920643,45.486896264749745,102.88882132360393,53.97721521661704
Bell_pepper leaf,stock-photo-black-pepper-plant-with-green-berries-and-leaves-555241408.jpg,450,318,1.4150943396226414,37953,37.0634765625,RGB,144.48922431865827,162.54683438155135,122.46461914744934,75.25459356834614,55.58125291106746,77.36434668135941,143.16689261588633,71.9807532063705
Bell_pepper leaf,pepper.jpg,1195,1607,0.7436216552582452,284249,277.5869140625,RGB,118.30876578150507,105.52581566525113,58.99042057108935,60.835499739439065,55.553172561937835,48.1986675346398,94.27500067261519,60.71635929634144
Bell_pepper leaf,007.JPG.jpg,2448,3264,0.75,3787525,3698.7548828125,RGB,151.12703484937686,137.35878966323048,79.48666365800814,51.76875138099282,59.49623670318472,43.07421232749009,122.65749605687182,60.45813155066136
Bell_pepper leaf,img_2509_b.jpg,2592,3888,0.6666666666666666,524215,511.9287109375,RGB,96.37841923392014,110.28347689789412,71.23422814103542,86.62119919600605,80.01924988393166,88.29435916174258,92.63204142428322,86.57497963461184
Bell_pepper leaf,shutterstock_443115826.jpg,1000,667,1.4992503748125936,78549,76.7080078125,RGB,89.82250674662669,124.67037781109445,64.22031634182909,65.15882023537449,74.27939956197508,53.63406268035341,92.90440029985008,69.47677261978171
Bell_pepper leaf,october-bell-peppers.jpg,800,571,1.4010507880910683,156271,152.6083984375,RGB,97.97531961471104,143.74060858143608,98.22561077057793,46.90769860696509,48.77910345763341,59.36351602979248,113.31384632224169,56.25084672947737
Bell_pepper leaf,virus1_600px.jpg,600,450,1.3333333333333333,57668,56.31640625,RGB,102.13406666666667,117.13514444444445,92.57714444444444,32.25144929587575,45.61118851181821,32.867996206958175,103.94878518518519,38.761360316505325
Bell_pepper leaf,tomato_bell_pepper_garden_pt3-03.jpg,1600,1071,1.4939309056956116,479714,468.470703125,RGB,122.3050058356676,119.46246965452848,92.48677637721755,69.15382297924454,80.24870053846246,67.8157276857001,111.41808395580455,73.85280339572017
Bell_pepper leaf,b085c28357a5f7839c2dcf582acc9e52.jpg,736,981,0.7502548419979612,71664,69.984375,RGB,96.99795433896202,121.96861149891416,87.20091106014272,67.42928273289252,57.89647104604375,68.5629131866653,102.05582563267296,66.43882445286448
Bell_pepper leaf,v9hX3.jpg,768,1024,0.75,255270,249.287109375,RGB,73.0720609029134,90.13963190714519,56.9215087890625,48.521707707179026,70.42168045896776,41.906258297238345,73.3777338663737,56.63204536787061
Bell_pepper leaf,ee4ab32985e0f26d556ab9d6ac7d0a35.jpg,620,413,1.5012106537530265,41590,40.615234375,RGB,91.01018901819886,93.16066156369601,50.32933687417012,48.73477918214631,58.218431239055384,47.98208479937214,78.16672915202166,55.47202832327379
Bell_pepper leaf,Seminis-Turnpike-Bell-Pepper-1024x756.jpg,1024,756,1.3544973544973544,241106,235.455078125,RGB,117.12524026537699,155.06205434647816,114.65605236235119,60.20488758899158,53.40139961058706,81.4271177244871,128.94778232473544,68.635983565908
Bell_pepper leaf,seeding-peppers-a-1024x768.jpg,1024,768,1.3333333333333333,267333,261.0673828125,RGB,114.16573588053386,127.56498845418294,93.21275965372722,58.06333644044455,69.50989881415204,62.80710680977662,111.64782799614801,65.18501192635057
Bell_pepper leaf,pepper+leaves.JPG.jpg,1057,888,1.1903153153153154,125523,122.5810546875,RGB,99.89626961398484,125.05803757873294,87.53404374099739,85.085871740229,77.03930652717784,92.99215427082113,104.16278364457172,86.70549933662106
Bell_pepper leaf spot,05.jpg,300,300,1.0,76798,74.998046875,RGB,81.8884,110.86461111111112,48.02661111111111,62.482890554988465,61.82546268743513,63.33764470118233,80.25987407407408,67.61765536690456
Bell_pepper leaf spot,pepper_phytophtera12x500.jpg,500,667,0.7496251874062968,83336,81.3828125,RGB,162.16690254872563,139.18058170914543,72.65256371814093,67.9867755874891,49.001334946388766,38.65700549237155,124.66668265867067,65.421925176907
Bell_pepper leaf spot,bacterialCanker08-129kre6-on-pepper-50-QUALITY-1tzxf2r.jpg,667,500,1.334,55281,53.9853515625,RGB,81.59168215892053,111.10978110944528,56.16608395802099,60.0865080442727,67.65726517763193,44.67330935852443,82.95584907546227,62.43875640634127
Bell_pepper leaf spot,BacterialSpot09.jpg,480,320,1.5,34607,33.7958984375,RGB,122.06828125,164.83246744791666,93.69521484375,40.83063659246447,31.154240143802934,42.69797444110333,126.86532118055555,48.39289316636717
Bell_pepper leaf spot,Habanero1.jpg,640,480,1.3333333333333333,227979,222.6357421875,RGB,101.23194661458334,113.398232421875,85.36913736979167,40.466587895747196,40.52493334710282,44.99599841841418,99.99977213541666,43.587258451759034
Bell_pepper leaf spot,figure1.jpg,400,329,1.21580547112462,146085,142.6611328125,RGB,164.5424848024316,169.3483358662614,114.86973404255319,62.43953929508118,58.33763395943015,94.95827854652238,149.5868515704154,77.75713417274399
Bell_pepper leaf spot,bacterial_leaf_spot_pepper_plant_l.jpg,400,300,1.3333333333333333,30297,29.5869140625,RGB,101.61683333333333,127.33708333333334,64.2244,49.47702042334626,61.47624046323145,42.49988111324548,97.72610555555555,57.87300933605475
Bell_pepper leaf spot,TCSV_Pepper%20%284%29.jpg,540,720,0.75,318183,310.7255859375,RGB,164.59821502057613,173.18116769547325,163.42929269547326,63.5617429235583,60.34613816334133,83.25936835079017,167.06955847050753,69.9299287705468
Bell_pepper leaf spot,03.jpg,638,479,1.3319415448851775,77195,75.3857421875,RGB,159.8437117558131,177.02716932480809,164.15703104037277,96.47180643239018,85.65721723731666,94.54892688649062,167.00930404033133,92.63423894627829
Bell_pepper leaf spot,pepper_phytophtera10x1200.jpg,1200,742,1.6172506738544474,198509,193.8564453125,RGB,95.10025831087152,98.13155548068283,35.35167902066487,66.7980226243866,56.81898235074903,27.44258774570812,76.19449760407308,60.41596458471695
Bell_pepper leaf spot,pepper_bacterial-spot_02_zoom.jpg,900,675,1.3333333333333333,139101,135.8408203125,RGB,57.79852839506173,67.50385020576131,40.06877366255144,36.96777778522248,43.10524251759893,31.118313574656725,55.12371742112483,39.07301541001839
Bell_pepper leaf spot,TCSV_Pepper%20%286%29.jpg,720,540,1.3333333333333333,341960,333.9453125,RGB,110.73389146090535,124.96208847736625,60.30561985596708,67.10572558973216,60.47138308133814,68.66114066148141,98.6671999314129,71.14060221286432
Bell_pepper leaf spot,Bacterial_leaf_spot_symptoms.jpg,1024,768,1.3333333333333333,173155,169.0966796875,RGB,109.39370218912761,142.16198857625326,29.317303975423176,51.29265780400395,55.103980970132675,33.587670851826815,93.624331580268,67.17015232982531
Bell_pepper leaf spot,FO3zR.jpg,3366,2496,1.3485576923076923,764612,746.69140625,RGB,113.6533335094916,133.6434396043771,92.80374445815622,58.011348647366844,51.73247768709393,64.93429859615634,113.36683919067498,60.80595481260317
Bell_pepper leaf spot,BacterialSpot10.jpg,300,450,0.6666666666666666,28231,27.5693359375,RGB,138.38410370370372,163.03757037037036,98.35914074074074,33.65304748585991,30.66144030864505,40.878536559687085,133.26027160493828,44.2520673373565
Bell_pepper leaf spot,Septoria-leaf-spot.jpg,800,600,1.3333333333333333,100639,98.2802734375,RGB,113.89486041666666,124.74880833333333,52.764172916666666,51.71498128606465,40.49003352982802,50.75958321016929,97.13594722222223,57.45317808893983
Bell_pepper leaf spot,BacterialSpot08.jpg,480,320,1.5,32469,31.7080078125,RGB,138.5618359375,158.77787109375,75.5252734375,39.63168472484274,32.06399243032478,40.290957090053396,124.28832682291667,51.617917980279685
Bell_pepper leaf spot,PepperPhytophLeaf3-2f94629.jpg,2816,2112,1.3333333333333333,2671956,2609.33203125,RGB,99.06947835286458,140.28310291300792,48.86992836523976,58.948183810174974,45.25525119316405,41.576963831537526,96.07416987703742,61.76086167974
Bell_pepper leaf spot,gray-leaf-spot-disease-on-260nw-559799659.jpg,347,280,1.2392857142857143,33536,32.75,RGB,153.048507616303,159.83957389872376,104.31328736105394,63.94073122629291,63.66500900928808,57.88691816665868,139.06712295869357,66.6517034053068
Bell_pepper leaf spot,green-pepper-plant-diseases-bacterial-spot-on-pepper-plant-green-pepper-plant-diseases-photos.jpg,700,525,1.3333333333333333,66914,65.345703125,RGB,78.81244353741496,94.71261768707483,52.934598639455785,57.43986331288815,55.322327182391795,43.88406182027493,75.48655328798186,55.30220737253055
Bell_pepper leaf spot,peppers_bacterial_spot_onpeppertransplant_zoom.jpg,700,659,1.062215477996965,145379,141.9716796875,RGB,77.87047040971169,82.61300455235205,57.375677433340556,79.54999129476116,81.14996250697442,64.79377623142679,72.61971746513477,76.31419247206819
Bell_pepper leaf spot,e4d0e5.jpg,800,600,1.3333333333333333,186125,181.7626953125,RGB,81.22272916666667,121.44292916666667,82.40015416666667,38.689259815246515,46.3662810447418,42.47073955453997,95.0219375,46.54120370550384
Bell_pepper leaf spot,Pepper-problem.jpg,900,675,1.3333333333333333,167138,163.220703125,RGB,154.18433744855966,164.2556049382716,91.3003901234568,38.860343512305164,51.729781309667096,36.26480032660406,136.58011083676269,53.62625970923181
Bell_pepper leaf spot,e2Vlc.jpg,2448,3264,0.75,442156,431.79296875,RGB,136.0843091449202,150.95047189882897,109.72927129389338,64.883907042891,54.50735436542364,90.25099881065809,132.25468411254752,73.47972189858193
Bell_pepper leaf spot,Pepper-BLS-Leaf_93303-e1370119902259.jpg,3000,4000,0.75,1956389,1910.5361328125,RGB,131.46106516666666,158.80858916666668,119.78146725,71.4176018026748,63.41083906472837,78.52279228364536,136.68370719444445,73.23412085754711
Bell_pepper leaf spot,peppers_bacterial_spot_zoom.jpg,700,525,1.3333333333333333,209550,204.638671875,RGB,77.62737142857142,88.56714829931973,50.04448707482993,52.73167190045412,50.37286695354457,40.0223714882018,72.07966893424036,50.6886193158224
Bell_pepper leaf spot,GX3DYbwOynSj6HftBUajAw_m.jpg,240,180,1.3333333333333333,18429,17.9970703125,RGB,123.11618055555556,147.7913425925926,103.3700462962963,39.91483059155563,43.20608859542789,40.41626587427491,124.75918981481482,45.033725664029916
Bell_pepper leaf spot,bJrFf.jpg,3264,2448,1.3333333333333333,537581,524.9814453125,RGB,130.01534553517078,137.7596131896386,105.82043790248943,41.566795463853374,38.81653617276007,50.26019755989751,124.53179887576627,45.883071712435
Bell_pepper leaf spot,P5270397.JPG.jpg,1600,1200,1.3333333333333333,261797,255.6611328125,RGB,92.060246875,107.95601041666667,47.3746125,78.0874333179741,85.13604040813085,59.633637047879084,82.46362326388889,79.32036087913971
Bell_pepper leaf spot,pepper_V5a.jpg,350,270,1.2962962962962963,11190,10.927734375,RGB,134.73421164021164,174.98232804232805,161.63443386243387,43.2156435023278,35.74078465425615,75.57670137000221,157.11699118165785,56.854784877830035
Blueberry leaf,blueberry-chlorotic-leaves_2.jpg,600,411,1.4598540145985401,50550,49.365234375,RGB,121.25317112733171,131.43367396593675,45.00310624493106,48.77406748928392,51.30962976810426,31.70469196158224,99.22998377939983,59.10281422656286
Blueberry leaf,Blueberry07.jpg,1600,1062,1.5065913370998116,684180,668.14453125,RGB,92.40000353107345,130.80777718926555,89.8447334039548,58.29689479952945,59.515974173869225,66.98832541729588,104.35083804143126,64.50150906158497
Blueberry leaf,leaf-blueberry-plant-vaccinium-corymbosum-north-america-usa-bush-103375785.jpg,1300,957,1.3584117032392895,120639,117.8115234375,RGB,96.52143718350615,110.13020898641588,79.1556273611446,65.72618944650512,63.483385121816944,69.94058288774804,95.2690911770222,67.63584407095348
Blueberry leaf,stock-photo-blueberry-with-leaves-of-mint-70797082.jpg,1500,904,1.6592920353982301,337337,329.4306640625,RGB,184.98051474926254,198.05742699115044,172.37021902654868,83.63141012184401,78.94351438807433,94.89510986696284,185.1360535889872,86.7204814611778
Blueberry leaf,blueberry-leaf-set-collection-isolated-white-58283965.jpg,1300,1002,1.2974051896207586,152308,148.73828125,RGB,198.68253262705358,212.03894748963612,176.9718332565638,71.75108992263374,55.30878996238746,96.87594782253647,195.89777112441783,77.92884364162323
Blueberry leaf,6348380125_ae2d097496_z.jpg,640,640,1.0,208641,203.7509765625,RGB,154.66205078125,80.3269482421875,46.0909521484375,43.26138718742424,26.540380668310043,31.329055381628283,93.69331705729167,56.91889138831444
Blueberry leaf,highbush_blueberry1337725765530.jpg,674,479,1.407098121085595,70408,68.7578125,RGB,112.273347044721,130.35274403275866,93.85155151372481,46.685243829988046,46.57630135876194,50.718420595225005,112.15921419706815,50.2905229459055
Blueberry leaf,blueberry-leaves-16311688.jpg,1300,957,1.3584117032392895,124831,121.9052734375,RGB,197.43685395064705,206.17910939635078,181.15827023551162,83.7927197292756,71.60736950746399,105.65606550542478,194.92474452750315,88.7590871634769
Blueberry leaf,leaf_arangement.jpg,1600,1200,1.3333333333333333,518005,505.8642578125,RGB,121.27171510416666,165.27730052083334,119.84765,35.69617913385598,43.413417589692024,39.98997537011622,135.46555520833334,45.063896784648335
Blueberry leaf,vaccinium-corymbosum-le-mlovit.jpg,1000,750,1.3333333333333333,277658,271.150390625,RGB,96.77322,151.190484,80.19641866666667,31.756660511325816,41.11699956440252,37.86536445144451,109.38670755555556,47.92914118362448
Blueberry leaf,blueberry-leaves-normal-above-and-iron-deficient-below-bgahf8.jpg,390,540,0.7222222222222222,59840,58.4375,RGB,104.70270180436847,140.18164767331433,107.93307217473884,48.097955153480456,41.32994793990638,45.019395400889685,117.60580721747388,47.672648880042544
Blueberry leaf,Chlorotic-Blueberry-Leaf.jpg,1280,960,1.3333333333333333,192624,188.109375,RGB,140.6844034830729,120.36963053385416,104.59069905598959,36.12699041036548,35.37176915679315,33.38181104789692,121.88157769097222,37.97136431651839
Blueberry leaf,blueberry-leaves-white-collection-isolated-35579573.jpg,1300,1390,0.935251798561151,181936,177.671875,RGB,196.7788788046486,221.83161759822912,186.3852224681793,87.97760893724998,52.128284312274424,100.28608005166099,201.66523962368566,84.02133419301653
Blueberry leaf,blueberry-fruit-leaf-closeup-isolated-white-58260795.jpg,1300,985,1.3197969543147208,121703,118.8505859375,RGB,208.93555564232722,217.6645763373682,190.76587114408434,69.06416763462633,55.8837222566869,98.65564435836775,205.78866770792658,77.46485300688772
Blueberry leaf,10-Pcs-font-b-Blueberry-b-font-Leaves-Natural-font-b-Dried-b-font-Leaf-shaped.jpg,800,800,1.0,296477,289.5283203125,RGB,185.60944375,182.2892953125,159.330459375,47.56655265457636,57.25670247695606,83.00693054484351,175.74306614583332,65.42331290092304
Blueberry leaf,7-blueberry-leaves.jpg,1200,1197,1.0025062656641603,376859,368.0263671875,RGB,131.0141165413534,72.98269493177388,49.34749303815093,74.70981918142488,56.841498094532014,56.10069732023397,84.4481015037594,71.86028863140544
Blueberry leaf,blueberry-leaves-isolated-shadow-95294017.jpg,1300,1139,1.1413520632133451,133106,129.986328125,RGB,218.05479435402174,227.00901060309315,192.6983176875802,62.67076692976229,47.842240649835716,103.50594061613403,212.58737421489835,76.51456421150571
Blueberry leaf,blueberry-plant-unripe-berries-and-leaves-blueberries-vaccinium-corybosum-BNDN04.jpg,1300,956,1.3598326359832635,121737,118.8837890625,RGB,110.5436039588027,119.53953894431928,88.56046990666238,50.17013951690161,48.9617919443536,50.36523324635185,106.21453760326145,51.50701981928593
Blueberry leaf,P1200701+Vaccinium+ovalifolium+Oval-leaf+Blueberry+fruit++Heather+Meadows+cr.jpg,1600,1151,1.3900955690703736,256414,250.404296875,RGB,110.1959388575152,127.94385099913119,51.5879382059079,42.36378349681259,47.419650627367425,43.67340296518203,96.57590935418477,55.20884608797188
Blueberry leaf,blueberries-and-leaves.jpg,480,388,1.2371134020618557,131272,128.1953125,RGB,206.802845790378,212.40457474226804,196.4104435137457,61.24112254603706,55.05278892888502,74.93964812200225,205.2059546821306,64.62447092985653
Blueberry leaf,Fruit-Blueberry-Northblue.jpg,1143,857,1.3337222870478413,395486,386.216796875,RGB,87.52926085522857,121.2005643401926,83.40693848508143,50.885867919962074,56.13266789612509,55.44952150101845,97.3789212268342,56.78791005600999
Blueberry leaf,img_8042.jpg,2592,1944,1.3333333333333333,1661519,1622.5771484375,RGB,112.96924912202154,143.26510245992736,99.93745475156226,51.81492427282516,48.9521279639783,51.110041030962044,118.72393544450372,53.79482829467999
Blueberry leaf,ovalifolium1.jpg,634,386,1.6424870466321244,82469,80.5361328125,RGB,121.15202432127622,149.1328557885618,79.99422614864092,36.7323609534369,39.85680693232665,42.69648630889809,116.75970208615965,48.92114450606194
Blueberry leaf,dscf9033.jpg,1000,750,1.3333333333333333,171904,167.875,RGB,108.41732266666666,111.463376,92.61837333333334,51.62537977059881,50.858196533917955,47.33344794561898,104.16635733333334,50.65196412023574
Blueberry leaf,179288748.jpg,2118,1418,1.4936530324400563,190807,186.3349609375,RGB,118.90534088230241,140.85439033550827,64.00438780497875,39.77208658193431,37.39788811699765,37.11445507001697,107.92137300759647,49.97278076352073
Blueberry leaf,IMG_8502.JPG.jpg,1600,1200,1.3333333333333333,160123,156.3701171875,RGB,100.78019635416666,103.45567760416667,80.43099947916667,60.93822809311174,56.294515812157314,48.997917923143696,94.8889578125,56.56990970816146
Blueberry leaf,IMG_9275.JPG.jpg,1600,1200,1.3333333333333333,496666,485.025390625,RGB,110.12864583333334,128.9307234375,159.7408734375,51.45241285684504,49.365329561718234,45.92259827220624,132.9334142361111,53.065652569769576
Blueberry leaf,dscf9038.jpg,1000,750,1.3333333333333333,169485,165.5126953125,RGB,105.05062933333333,112.53747333333334,78.020504,54.919763455462366,52.551135741763844,43.75742897214884,98.53620222222222,52.76325142516015
Blueberry leaf,blueberry-leaf.jpg,1422,2000,0.711,1234441,1205.5087890625,RGB,48.552941983122366,23.662018284106892,20.28799964838256,76.47877042117749,42.99699487101138,38.37379220069559,30.834319971870606,56.70657860359955
Blueberry leaf,P1200644+Vaccinium+alaskaense+Alaska+Blueberry+cr.jpg,1600,1270,1.2598425196850394,234264,228.7734375,RGB,192.4578907480315,199.891718996063,197.76100885826773,78.8750225953015,68.33602448380901,92.36373217888985,196.70353953412072,80.5221475060178
Cherry leaf,prunus-avium-le-rvid-c.jpg,667,1000,0.667,164773,160.9111328125,RGB,93.5962023988006,121.90912893553224,92.15685457271364,38.98807584944136,39.0010125423841,47.37138755791053,102.55406196901549,44.1518636221791
Cherry leaf,7%20CHOKE%20CHERRY.jpg,2048,1536,1.3333333333333333,590795,576.9482421875,RGB,117.07323424021403,179.7138236363729,87.60254446665446,25.89067484755148,31.027529078674014,27.034940502302703,128.12986744774713,47.572892122588826
Cherry leaf,yoshino-weeping-cherry-tree9.jpg,700,838,0.8353221957040573,299466,292.447265625,RGB,106.18258608932834,135.06815376747358,63.761387657688374,55.61061318245506,54.823699091424395,59.31507277140151,101.67070917149677,63.74250056535449
Cherry leaf,1348156007-85504600.jpg,1000,1000,1.0,156157,152.4970703125,RGB,121.197514,127.009713,92.093986,60.684773133132865,73.78629236286122,73.70636584876375,113.43373766666667,71.32006573167082
Cherry leaf,Carolina%2BCherry%2BLaurel%2Bproblem1.jpg,1600,1200,1.3333333333333333,322241,314.6884765625,RGB,111.7237453125,139.71886197916666,122.58512447916667,56.08735752817625,45.62384092656392,55.81033824359707,124.67591059027778,53.97697270961744
Cherry leaf,wild-and-choke-cherry-leaves_edited-1.jpg,720,511,1.4090019569471623,94211,92.0029296875,RGB,154.0004892367906,160.0677348336595,156.03233583387694,84.20351179072448,78.85808470831923,88.16914876550017,156.70018663477566,83.86835415775684
Cherry leaf,sunburst_cherry.jpg,1000,820,1.2195121951219512,172492,168.44921875,RGB,98.50703414634147,107.1888268292683,66.03570975609756,53.417907948039066,63.48427645191896,49.31947812349898,90.57719024390244,58.472929142289885
Cherry leaf,Cherry%20Sweet%20N%20deficiency%20closeup%20Brubaker%202004.JPG.jpg,1536,1024,1.5,872244,851.80078125,RGB,131.71880467732748,145.32061767578125,78.17703564961751,29.76346608601909,28.85593938258668,40.678142613402365,118.40548600090875,44.321693042660016
Cherry leaf,3b296e7197cc7e3d138892539e2e9ba453ad782db3398_1260x1260.jpg,1056,1260,0.8380952380952381,155421,151.7783203125,RGB,239.3588616822992,240.22743506493507,215.92451223544973,30.358061650504858,26.988193818824648,73.38712135264176,231.83693632756132,49.71863890533407
Cherry leaf,100_0123_2.jpg,1023,682,1.5,344348,336.27734375,RGB,90.58258442909847,123.72420831147537,43.923475603638316,59.138302419761985,63.643861012936036,44.31140457350308,86.07675611473738,65.13041439182719
Cherry leaf,670px-User-Completed-Image-Identify-Cherry-Trees-2015.12.05-23.48.57.0.jpeg.jpg,670,670,1.0,75176,73.4140625,RGB,117.16084874136779,134.6194698151036,95.62718868344842,55.598269422221136,55.394130867243945,55.938140323023035,115.8025024133066,57.88413568249048
Cherry leaf,prunus-pensylvanica-007.jpg,800,600,1.3333333333333333,81698,79.783203125,RGB,49.764358333333334,69.10267708333333,32.931020833333335,53.1464875964373,54.36679287794366,43.67383909208386,50.599352083333336,52.73500327894373
Cherry leaf,cherry-tree-leaves.jpg,5184,2740,1.891970802919708,658255,642.8271484375,RGB,110.68258298977202,131.3717529230873,78.59227465756511,48.749326986548674,45.458950512741545,62.10016684634194,106.88220352347481,56.903265210434185
Cherry leaf,canada-red-cherry-leaves.jpg,800,516,1.550387596899225,86763,84.7294921875,RGB,124.99811046511628,114.70276647286822,87.14072674418604,50.34341231081108,51.60918179401222,41.40917980060296,108.94720122739018,50.59304144623614
Cherry leaf,cherry+tree.jpg,800,600,1.3333333333333333,113524,110.86328125,RGB,132.48868541666667,133.48099583333334,91.72782291666667,67.27342523473543,72.09004711475998,77.02044431546715,119.23250138888889,74.81107499371518
Cherry leaf,cherrytree-leaf.jpg,900,700,1.2857142857142858,35263,34.4365234375,RGB,101.93630793650793,136.32495396825396,91.16303015873015,49.280182602028795,49.32015940734716,40.73268658077907,109.80809735449735,50.44109951680867
Cherry leaf,Catalina%20Island%20Cherry.JPG.jpg,2448,3264,0.75,3006232,2935.7734375,RGB,78.69340280280821,99.72793316673075,59.74455825784153,65.631515106712,75.97931013617206,55.74290625720123,79.38863140912683,68.28294831250633
Cherry leaf,02b13cea19417b15cf3d6ff534aa7ea653ad783094a60_1260x1260.jpg,1056,1260,0.8380952380952381,131836,128.74609375,RGB,242.19724927849927,243.29001999158248,226.8083664021164,28.81698782362065,26.413123500262603,64.45220637973472,237.4318785573994,44.166519662026786
Cherry leaf,Carolina%2BCherry%2BLaurel%2Bproblem3.jpg,1600,1200,1.3333333333333333,363357,354.8408203125,RGB,117.19036197916667,125.09035833333333,107.92417864583334,43.954378317232376,39.17770585949697,42.274756573039575,116.73496631944444,42.43302563381307
Cherry leaf,prunus-pensylvanica-le-ahaines-a.jpg,1000,908,1.1013215859030836,237907,232.3310546875,RGB,89.58627643171806,147.67149779735684,28.09493281938326,43.267285450996745,48.19621896400387,38.487809327561045,88.45090234948604,65.38974444815388
Cherry leaf,RAx1iE.jpg,1366,768,1.7786458333333333,322856,315.2890625,RGB,89.36128141776476,95.10108494234993,65.56062122529282,62.22367089538873,68.15144305460825,79.73398128275863,83.34099586180251,71.56488300112663
Cherry leaf,IMG_4280.JPG.jpg,1600,1200,1.3333333333333333,236452,230.91015625,RGB,134.8820296875,151.15404947916667,86.2835859375,67.2920684419261,59.226053665768305,85.42112555448573,124.10655503472222,76.618038346186
Cherry leaf,15%20CHOKE%20CHERRY.jpg,2048,1536,1.3333333333333333,613606,599.224609375,RGB,66.33148574829102,85.2013349533081,29.19227123260498,46.8427164986181,51.19491419900368,33.62624665500048,60.24169731140137,50.23285673461215
Cherry leaf,CHERRY_CHOKE_leaves.jpg,802,602,1.3322259136212624,91106,88.970703125,RGB,88.96327288092063,117.71311132467834,93.68850299500419,47.37930634090777,59.49109847221363,58.04067650686274,100.12162906686771,56.65116611923156
Cherry leaf,5dab054e26cde431baf6a8e0e3f0f258.jpg,736,1040,0.7076923076923077,141689,138.3681640625,RGB,52.21960702341137,80.84609375,40.957432326505014,59.76760739288592,73.48122731213496,49.136663053811716,58.00771103330546,63.853674376015746
Cherry leaf,100_4608.jpg,2142,2856,0.75,2955023,2885.7646484375,RGB,102.80911792821703,137.03462773998487,82.30570005780089,54.90754184640584,62.12864882261595,52.17012971315004,107.38314857533427,60.89756423040158
Cherry leaf,Leaf%20cherry1.JPG.jpg,633,342,1.8508771929824561,14009,13.6806640625,RGB,161.63078905795294,167.44846779930342,107.81204789224246,78.70859051834402,60.55126520712795,101.44178543131736,145.6304349164996,86.24423084030079
Cherry leaf,1b9155649757248759cdbe7d83cc94c0.jpg,736,981,0.7502548419979612,45950,44.873046875,RGB,174.79058358817534,174.8142645038337,160.96123770110358,71.50428681734029,63.63513295160361,69.85520301342031,170.18869526437086,68.72593350181242
Cherry leaf,Cherry-Fruit-and-Leaves-tp1263.jpg,1800,1350,1.3333333333333333,384902,375.880859375,RGB,103.14558765432099,134.4246304526749,59.722627572016464,62.966653995158566,63.85904726005707,65.16365121318262,99.09761522633745,70.95503883939237
Cherry leaf,BlackCherry04.jpg,750,570,1.3157894736842106,98063,95.7646484375,RGB,78.38976140350877,95.59197426900585,45.04586666666667,46.81671410902802,46.53141786294696,37.72990402389592,73.0092007797271,48.653206032655056
Corn Gray leaf spot,uuid%3D23d9bc54-c4a7-4958-890c-0505ac310594%26groupId%3D1841%26t%3D1278717199836.jpg,320,228,1.4035087719298245,103831,101.3974609375,RGB,154.47358826754385,160.2486842105263,115.1720120614035,57.963364571634806,49.80329782399848,70.75496399119,143.29809484649124,63.37632497452675
Corn Gray leaf spot,IMG_5251.jpg,3264,2448,1.3333333333333333,1123958,1097.615234375,RGB,72.43306235382225,88.26969682634083,77.03723703022875,52.40990629887021,53.12348522064033,50.602460210533046,79.24666540346395,52.47930956073799
Corn Gray leaf spot,1193.jpg,527,433,1.2170900692840647,82216,80.2890625,RGB,130.76291352419685,134.422737969508,130.46887475842607,43.290100369569174,26.999986738021065,34.10917446477971,131.88484208404364,35.47850268926026
Corn Gray leaf spot,g1902-1.jpg,200,590,0.3389830508474576,139046,135.787109375,RGB,100.79728813559322,132.24148305084745,119.87454237288135,45.25872695433608,43.49529255070883,45.64676039939821,117.63777118644067,46.63937174213775
Corn Gray leaf spot,Greyleafspot.jpg,651,488,1.334016393442623,174015,169.9365234375,RGB,114.35736634685604,116.80965601470625,103.67521278738889,54.9267853397277,52.26989573970519,51.05415207987863,111.61407838298372,53.082217473514476
Corn Gray leaf spot,gray_leaf_spot.jpg,550,413,1.3317191283292977,108095,105.5615234375,RGB,83.75116442879155,92.95722209993396,62.60797710763813,65.84235998453988,57.651050354587746,53.97781867851954,79.7721212121212,60.70901195537468
Corn Gray leaf spot,grayleafspot99a.jpg,432,324,1.3333333333333333,31704,30.9609375,RGB,142.36763403063557,146.91595221764976,134.04283836305441,60.261630205658044,55.89632622984398,57.09700613371429,141.10880820377992,58.02633587237281
Corn Gray leaf spot,gray_leaf_spot__1-14B8612C8B60CDBC8E2.jpg,630,433,1.4549653579676673,62729,61.2587890625,RGB,130.60484255287952,138.9984676857656,108.31718538069578,62.148688347658535,60.419937058574874,66.9915095935237,125.9734985397803,64.55936590484997
Corn Gray leaf spot,0796.16graylspot.jpg,432,329,1.3130699088145896,27039,26.4052734375,RGB,119.12869385342789,150.74145840369243,91.90962371946415,47.238960300699404,49.23585518924151,44.69798178093739,120.5932586588615,52.8753508831736
Corn Gray leaf spot,gray%20leaf%20spot.jpg,482,378,1.2751322751322751,37266,36.392578125,RGB,95.9484401413862,122.53642231443061,77.11125381457332,54.99840128118836,39.08899968372062,32.839221695645705,98.53203875679671,47.16256976552783
Corn Gray leaf spot,GrayLeafSpot_Chilvers.jpg,400,487,0.8213552361396304,228364,223.01171875,RGB,89.43414271047227,124.6761704312115,75.29521560574949,46.89701697128609,49.17501797800665,45.37084625213904,96.46850958247775,51.54121040245278
Corn Gray leaf spot,Gray%20leaf%20spot-Adam%20Sisson%20%2856%29%20copy-400x267.jpg,400,267,1.4981273408239701,18236,17.80859375,RGB,111.88105805243445,117.76112359550562,101.09916666666666,48.00973099712292,43.936971986605606,38.559971133772784,110.24711610486891,44.21567672740264
Corn Gray leaf spot,cornGLS2.jpg,328,247,1.3279352226720649,62992,61.515625,RGB,117.90345117013923,127.57039350251802,112.2541843586452,41.214930781726544,32.176274815897074,46.20669552814901,119.24267634376749,40.78000044699058
Corn Gray leaf spot,corn-gray-leaf-spot-backlit-2.jpg,700,394,1.7766497461928934,58838,57.458984375,RGB,97.69065264684554,115.27530819434372,69.84660623640319,65.68152944886077,59.63887303694432,86.88973392303737,94.27085569253082,74.09478242242469
Corn Gray leaf spot,Close-up-of-GLS.jpg,1275,960,1.328125,320765,313.2470703125,RGB,115.74992810457516,136.46444199346405,97.10742810457516,73.26711862468358,57.794356535849396,61.83468192641497,116.44059940087146,66.60077331703596
Corn Gray leaf spot,lipps-d.jpg,480,320,1.5,75855,74.0771484375,RGB,97.09686197916666,145.76973307291667,78.59541015625,62.135801002276395,55.52503861628741,38.67486951909147,107.15400173611111,60.131930318940704
Corn Gray leaf spot,rsz0803Figure5.jpg,360,242,1.487603305785124,46362,45.275390625,RGB,109.56352157943067,140.52075298438936,71.0616391184573,40.545778194282185,23.689384122306166,46.419886529904346,107.04863789409244,47.54550144990839
Corn Gray leaf spot,2015Corn_Hail_Taylor_PH%2B%25282%2529.JPG.jpg,1200,1600,0.75,281633,275.0322265625,RGB,132.50287239583332,144.0211484375,127.3219125,56.749751789833205,38.16848567991345,46.01326727206706,134.6153111111111,48.099598850693674
Corn Gray leaf spot,Fig%202b.%20GLS%20backlit%20copy.jpg,852,639,1.3333333333333333,71415,69.7412109375,RGB,133.5663283299169,150.9512919982073,49.91609358813287,43.75690261816674,37.457210884657286,37.46637144277514,111.47790463875235,59.322119297115364
Corn Gray leaf spot,Gray-leaf-spot.jpg,508,337,1.5074183976261128,50717,49.5283203125,RGB,122.33250192761513,147.5303628589453,84.20778522862683,69.46406819338891,64.63259629535062,99.25943422536398,118.02355000506242,83.44217473890342
Corn Gray leaf spot,Corn-gray-leaf-spot-8-15-F1-660.jpg,660,276,2.391304347826087,228137,222.7900390625,RGB,102.56783596837944,129.21423473869126,118.70032389108476,45.86499144709537,45.48305572384374,45.701987868232756,116.82746486605183,46.979620328511274
Corn Gray leaf spot,2015070295153021.jpg,1224,1632,0.75,225240,219.9609375,RGB,111.21258199971165,122.09044748414071,105.12990146017557,57.226440224305854,32.328469228937955,49.69957267844057,112.81097698134265,48.08917157511835
Corn Gray leaf spot,Gray%20Leaf%20SpotCORN039.JPG.jpg,349,540,0.6462962962962963,1047501,1022.9501953125,CMYK,88.68851745728537,111.15813435211716,80.68060596413032,63.86949508471147,58.27775936816347,58.56501885318486,93.50908592451094,61.65702923285804
Corn Gray leaf spot,grayleafspotinbred.jpg,432,324,1.3333333333333333,26097,25.4853515625,RGB,125.69289409007773,151.71194130086877,136.65670010288065,53.23136686483742,55.00976583039497,56.71083210261461,138.0205118312757,56.0269477284791
Corn Gray leaf spot,2013Corn_GrayLeaf_0820_0003.JPG.jpg,1600,1200,1.3333333333333333,347147,339.0107421875,RGB,84.60483958333333,91.22429791666667,78.3183453125,62.84162314331772,59.753377622688234,59.37057976977747,84.71582760416666,60.90348036751131
Corn Gray leaf spot,corn-gray-leaf-spot-f4.jpg,672,832,0.8076923076923077,652989,637.6845703125,RGB,111.11857543498168,128.83102964743588,89.63332224416209,59.21643573446875,61.75105916148366,56.252540738473364,109.86097577552655,61.25011667032334
Corn Gray leaf spot,FJ_010_F17220_B00010.jpg,600,516,1.1627906976744187,81567,79.6552734375,RGB,147.82136950904393,158.26787790697674,127.88904715762274,72.99007974388371,69.69548299997697,77.21488911450612,144.6594315245478,74.43920259549559
Corn Gray leaf spot,1355.51grayleafspot.jpg,432,271,1.5940959409594095,28374,27.708984375,RGB,103.2711237529042,119.6018774771081,60.77601817684844,40.39163707003564,42.877234210851924,26.250430134483484,94.54967313562024,44.7338911547188
Corn Gray leaf spot,2013Corn_GrayLeafSpot_0815_0003.JPG.jpg,1200,630,1.9047619047619047,177599,173.4365234375,RGB,117.00731746031747,130.0049298941799,116.13976984126984,41.58309373471402,46.028909402987345,50.67853794041137,121.05067239858907,46.67894887254787
Corn Gray leaf spot,grey_leaf_spot.jpg,778,437,1.7803203661327232,107410,104.892578125,RGB,118.07473837158001,133.4114287058879,67.69169318736654,43.51439450590855,25.714489772156718,30.089417061884436,106.39262008827815,44.06192680864816
Corn leaf blight,nclb4x1200.jpg,1200,1600,0.75,753590,735.927734375,RGB,84.70425833333333,94.67649270833333,59.6134171875,56.95546541845887,54.959893590225455,48.49029406833131,79.66472274305555,55.583656393625205
Corn leaf blight,CmyiAkUUIAAqSEa.jpg,1024,577,1.7746967071057191,98759,96.4443359375,RGB,71.30919288886481,125.42889034066292,90.24224335192808,47.072061133991035,37.47585919433657,45.48199796338924,95.66010886048527,48.980716704426925
Corn leaf blight,northern-corn-leaf-blight-exserohilum-turcicum-lesions-on-a-maize-leaf-south-africa-XDYJWY.jpg,860,1390,0.6187050359712231,210313,205.3837890625,RGB,83.22576459762422,97.2783654007027,64.7418822151581,42.089401053083726,47.195941327298236,45.50154814940716,81.74867073782835,46.91108440876033
Corn leaf blight,Northern-corn-leaf-blight-V12-leaf-NM-F3.jpg,1200,1600,0.75,201357,196.6376953125,RGB,94.97605677083334,106.8390234375,89.37550989583333,72.2217237931862,67.74953796417233,81.15025274738193,97.06353003472222,74.27508391677797
Corn leaf blight,20160826-corndisease-unlt.jpg,960,540,1.7777777777777777,183035,178.7451171875,RGB,117.88575810185185,127.42714313271605,80.42035108024692,47.93481748116173,41.8577168191122,42.796597170243,108.57775077160494,48.70366743150272
Corn leaf blight,leafblightcorn.jpg,400,300,1.3333333333333333,35944,35.1015625,RGB,119.47055833333333,132.99230833333334,113.98884166666667,33.17792086897948,36.536466019192346,38.92439595538507,122.15056944444444,37.157932956774886
Corn leaf blight,0805Fig3400.jpg,400,261,1.5325670498084292,24040,23.4765625,RGB,112.57414750957854,137.52431992337165,95.37407088122606,50.26709122279934,42.45619155841437,43.765454676983516,115.15751277139208,48.79568319704954
Corn leaf blight,corn-leaf-scald-9d.jpg,675,1200,0.5625,89681,87.5791015625,RGB,105.82594691358025,109.7817925925926,80.1577049382716,51.17041111252032,46.43643426774563,49.032451808848116,98.58848148148148,50.65010488574433
Corn leaf blight,corn_gray_leaf_spot.jpg,600,400,1.5,91994,89.837890625,RGB,53.74222916666667,81.33619166666666,71.45544583333333,48.166196566653284,52.905521452521995,51.2071136652539,68.84462222222223,52.06432932730171
Corn leaf blight,corn-northern-corn-leaf-blight-f6.jpg,675,1200,0.5625,96365,94.1064453125,RGB,97.92494814814815,125.91308024691358,75.24905308641975,44.76142860405959,34.25484533474265,53.167317060618565,99.6956938271605,49.30134770793812
Corn leaf blight,P6120019.jpg,441,383,1.1514360313315928,33877,33.0830078125,RGB,123.25371959053422,146.00273529777445,125.54125148754018,57.61320543277277,42.25492458716502,51.4283557085757,131.59923545861628,51.84413652319976
Corn leaf blight,Northern-Corn-Leaf-Blight4.jpg,490,325,1.5076923076923077,24380,23.80859375,RGB,68.86371742543172,123.63937205651492,99.94532496075354,71.9841733546971,49.18153775038614,49.69918331579542,97.48280481423339,62.12845797122995
Corn leaf blight,Corn_Fig10.jpg,282,460,0.6130434782608696,137946,134.712890625,RGB,128.3314446500154,131.39774899784152,117.27170829478878,58.988487677828836,54.57277994849371,57.9650692666159,125.66696731421523,57.5273874402135
Corn leaf blight,corn-baterial-leaf-stripe-f1b.JPG.jpg,569,426,1.335680751173709,256708,250.69140625,RGB,85.86439845870773,133.74603331765638,99.83190590526168,43.412206825369175,30.77667193852491,44.81888425809342,106.4807792272086,44.91915840804226
Corn leaf blight,Northern-leaf-blight-in-corn.jpg,1024,400,2.56,138552,135.3046875,RGB,128.3959228515625,132.61662841796874,107.10940185546875,30.70721009684123,23.151199819567875,33.70023054161854,122.70731770833333,31.561928488523737
Corn leaf blight,203725159.jpg,337,470,0.7170212765957447,69860,68.22265625,RGB,114.33391628259359,121.22873918808006,73.54999684323505,77.53688451809457,69.63376322583267,84.60993274778419,103.0375507713029,80.30714623200996
Corn leaf blight,fi00245.JPG.jpg,575,431,1.334106728538283,307018,299.822265625,RGB,118.79527892666196,133.97236356299808,36.706066780994654,46.83935627205402,39.73471312959672,32.66152975582278,96.49123642355157,58.64048647557267
Corn leaf blight,IMG_20140601_143916_7931.jpg,1836,3264,0.5625,1810760,1768.3203125,RGB,122.53930596271734,119.4973693010701,119.12659277014183,36.10999669616098,33.25086563917489,37.88536958006368,120.38775601130975,35.83232080946507
Corn leaf blight,Slide1.preview.jpg,640,480,1.3333333333333333,40212,39.26953125,RGB,105.48985677083333,113.661962890625,63.46791015625,77.57932416398008,79.4724771281646,48.764814844891106,94.20657660590278,73.40100682178263
Corn leaf blight,02.JPG.jpg,482,296,1.6283783783783783,26371,25.7529296875,RGB,54.349879443759114,70.59078866210609,44.61801895256252,49.144500677375646,58.863216105320966,27.640134402870938,56.51956235280924,48.26451718043077
Corn leaf blight,N.-Corn-Leaf-Blight-20lx3t9.jpg,662,335,1.9761194029850746,31826,31.080078125,RGB,107.43861207557379,123.87123145601299,101.27621860486089,52.466474017362444,44.87523990764982,44.55243333257917,110.86202071214922,48.38830527220719
Corn leaf blight,nclb3_rob_factsheetimage.jpg,1000,666,1.5015015015015014,310039,302.7724609375,RGB,109.01655255255255,108.36590990990992,79.84456906906907,47.23335440189534,42.26621111988066,46.743650164650155,99.07567717717718,47.460004732839316
Corn leaf blight,Northern-Corn-Leaf-Blight.ashx.jpg,500,734,0.6811989100817438,343185,335.1416015625,RGB,62.903702997275204,86.79901089918256,63.94157220708447,72.09685537681335,81.99370284588096,72.78871222287799,71.21476203451408,76.55926308843135
Corn leaf blight,IMG_1385.jpg,2448,2448,1.0,1759488,1718.25,RGB,98.93336897667564,109.89585736255286,56.78845759777222,52.03184489814938,51.748656514759936,53.628343029220176,88.53922797900024,57.25233828166564
Corn leaf blight,northern-corn-leaf-blight-exserohilum-turcicum-lesions-on-a-maize-BX3K2K.jpg,861,1390,0.6194244604316547,209713,204.7978515625,RGB,83.21704225469799,97.26169503421653,64.7618237117623,42.10158183941278,47.23879034862941,45.52053958779464,81.74685366689226,46.930903219734034
Corn leaf blight,northern-corn-leaf-blight-exserohilum-turcicum-lesions-on-a-maize-leaf-south-africa-xe3a7j.jpg,300,382,0.7853403141361257,37688,36.8046875,RGB,63.64,85.33277486910995,46.0458202443281,64.15892488643257,61.676476977612054,53.51400612586942,65.00619837114601,62.07156207534766
Corn leaf blight,corn-bacterial-leaf-streak-f7a-b.jpg,341,454,0.751101321585903,209719,204.8037109375,RGB,127.08238273024403,120.0345188419652,64.0452543051662,70.90377429781303,72.12714409920534,93.82777586317549,103.7207186257918,84.4972811106818
Corn leaf blight,stewartswilt.jpg,500,236,2.1186440677966103,26226,25.611328125,RGB,138.42980508474577,107.31830508474576,55.0625,31.827519615534953,26.406603639455984,29.01637615684329,100.27020338983051,45.09921355827009
Corn leaf blight,img_0099-2.jpg,2592,1936,1.3388429752066116,2190482,2139.142578125,RGB,120.80908437276808,115.79091698232324,93.93686470130599,77.11048075412138,76.59967967008214,86.57420670411342,110.17895535213243,81.0697841351949
Corn leaf blight,Corn-gray-leaf-spot-8-21.jpg,1000,442,2.262443438914027,507714,495.814453125,RGB,119.44247285067873,134.85866968325792,99.97936877828054,57.98783433140175,59.11410067864297,55.638832691852606,118.09350377073906,59.34014359318859
Corn rust leaf,swcdg4.jpg,694,583,1.1903945111492282,186150,181.787109375,RGB,121.96856169766832,117.34718315776986,57.92100385069772,57.465538503465154,56.62170152023132,51.96630020718082,99.07891623537864,62.611076638148624
Corn rust leaf,IMG_20130620_190316.jpg,1280,960,1.3333333333333333,163113,159.2900390625,RGB,119.34258138020833,128.92147216796874,126.45238444010417,43.007142862746456,44.919404564831694,47.37288764060619,124.90547932942708,45.31748990761103
Corn rust leaf,ga-2015-06-01-crust-02.jpg,580,662,0.8761329305135952,322244,314.69140625,RGB,114.90745650588603,146.28332117928952,126.05672205438067,38.886913110743144,42.84671001843885,37.89355144197295,129.0824999131854,41.99170255756979
Corn rust leaf,Figure%201%20Common%20rust%20on%20a%20corn.jpg,516,366,1.4098360655737705,35186,34.361328125,RGB,127.45144978184437,137.8151078070064,97.59411403397297,67.64219621844737,62.6042353544391,76.70407035452969,120.95355720760791,71.29859625646274
Corn rust leaf,common-rust-lower-leaf-side.jpg,2592,1728,1.5,605245,591.0595703125,RGB,184.86404258473365,148.13788575781606,60.74060767461134,44.24066737001095,36.053238345881084,25.235115288311192,131.24751200572035,63.311726989963695
Corn rust leaf,common-rust3.jpg,2048,1536,1.3333333333333333,302297,295.2119140625,RGB,71.3997933069865,104.89982986450195,6.905609766642253,26.466393775631754,23.56841992005006,8.291993339255002,61.0684109793769,45.775675301938875
Corn rust leaf,imgF.jpg,450,338,1.331360946745562,38761,37.8525390625,RGB,164.72305719921104,163.39278106508877,146.60057199211045,43.200052759665525,37.83080437755442,53.72460325652102,158.23880341880343,46.14399483056514
Corn rust leaf,rust.jpg,1338,357,3.7478991596638656,148059,144.5888671875,RGB,128.56751788906894,96.68677067239452,36.69141408431833,73.6710532081794,57.525202184237344,34.23111530980246,87.31523421526059,68.94609002937129
Corn rust leaf,corn-rust-6_19_17-image.jpg,1440,2560,0.5625,1067624,1042.6015625,RGB,85.15359917534722,120.6014404296875,66.85433919270834,30.204691060263087,32.10530207149974,30.409648409911988,90.86979293258102,38.127891155325514
Corn rust leaf,markjones-corn-001.jpg,500,375,1.3333333333333333,254238,248.279296875,RGB,110.96542933333333,154.11980266666666,101.472096,43.62256369742238,30.00615846768337,50.59854538126682,122.185776,48.09104276208295
Corn rust leaf,corn-rust-disease-pests-leaf-260nw-1038062233.jpg,390,280,1.3928571428571428,34084,33.28515625,RGB,131.6679304029304,141.09634615384616,106.79748168498169,49.141067821451735,48.7219784537903,54.77771517450026,126.52058608058609,52.96924451386459
Corn rust leaf,southern-rust-2.jpg,1024,768,1.3333333333333333,209367,204.4599609375,RGB,134.66133244832358,136.03196716308594,87.15544001261394,66.51231511769501,60.7991919006377,59.69753337416756,119.28291320800781,66.41642971857634
Corn rust leaf,corn-rust-5.jpg,750,350,2.142857142857143,63318,61.833984375,RGB,100.75921142857143,107.27562285714286,111.36780571428571,49.95233261064814,43.687148351525984,44.405435005235084,106.46754666666666,46.30657166965643
Corn rust leaf,pu_polysora.jpg,754,482,1.5643153526970954,63794,62.298828125,RGB,57.74865172743982,67.41371881087863,48.820077154209365,38.07947905065135,41.364987219799296,34.04249453051954,57.99414923084261,38.69949390232463
Corn rust leaf,SouthernRustLeaf.png.jpg,666,443,1.5033860045146727,538541,525.9189453125,RGBA,74.91071658566015,101.27463580962453,58.60164453392444,38.29734318392634,40.70197038892872,38.36832417090529,78.26233230973638,42.90612727153367
Corn rust leaf,rust-3.jpg,1836,3264,0.5625,823030,803.740234375,RGB,83.05383095844547,89.79440749951941,45.93996432995856,75.36440290889453,75.74029620837138,55.91997159328339,72.92940092930782,72.24677878982592
Corn rust leaf,Figure%201%20common%20rust%20on%20corn.jpg,417,275,1.5163636363636364,41869,40.8876953125,RGB,115.73554828864181,117.38143448877261,73.06095487246566,64.03726720702754,60.685729785862335,54.101283784515616,102.05931254996003,63.17486285646472
Corn rust leaf,Figure%202a%20older%20S%20rust%20pustules.jpg,1200,906,1.3245033112582782,202908,198.15234375,RGB,142.87114054451803,156.10897718910965,135.19371136865342,61.473042942084376,55.48095831078772,63.03559727581631,144.72460970076037,60.70265085260968
Corn rust leaf,southernrust1.png.jpg,471,628,0.75,608961,594.6884765625,RGBA,77.18268489593898,125.3917670764196,76.79256764980323,47.77193000679135,51.213105106087504,50.83916592405268,93.12233987405394,54.92907613981363
Corn rust leaf,sevc.jpg,392,236,1.6610169491525424,28846,28.169921875,RGB,98.74811916291941,98.03604937737806,74.97639225181598,36.446778118995056,32.90036351861777,30.154357673026993,90.58685359737115,35.05172424863311
Corn rust leaf,corn_rust1_l.jpg,774,528,1.4659090909090908,31995,31.2451171875,RGB,114.32735054028659,126.65595636598543,99.48940959987472,71.2086290778759,71.15951917539003,68.0672470127827,113.49090550204892,71.03416134127069
Corn rust leaf,Corn-Common-Rust.jpg,1278,958,1.3340292275574113,520434,508.236328125,RGB,146.68041139436946,145.2882758158788,101.68447649478406,47.281145864220285,42.98714741933021,50.521026264977294,131.21772123501077,51.462165812744004
Corn rust leaf,37310253806_04fee91918_b.jpg,768,1024,0.75,165186,161.314453125,RGB,107.29002126057942,118.05801391601562,65.61602147420247,50.9558977582661,51.67494906220845,43.455089022793956,96.98801888359918,53.81891490299734
Corn rust leaf,corn-rust.jpg,750,350,2.142857142857143,61309,59.8720703125,RGB,115.95838095238095,126.32983619047619,120.61011047619047,46.51941171113532,44.983150035708604,46.20598107509032,120.9661092063492,46.1031661411611
Corn rust leaf,STANDALONE_Southern-corn-rust_01-WEB.jpg,600,340,1.7647058823529411,181249,177.0009765625,RGB,131.9602892156863,135.59565196078432,101.31414705882354,42.96779147717693,39.86167169487804,47.82266350757521,122.95669607843138,46.30118408470991
Corn rust leaf,Corn-Southern-Rust-7-17-F1.jpg,1200,900,1.3333333333333333,1114595,1088.4716796875,RGB,131.94268333333332,149.3559611111111,92.0797425925926,41.73272911773848,29.377534674291997,39.71536005693842,124.45946234567901,44.37060042423611
Corn rust leaf,uuid%3Db547b743-d1a1-4788-86dc-8e90ad17e170%26groupId%3D1841%26t%3D1375243802648.jpg,350,263,1.3307984790874525,24603,24.0263671875,RGB,145.99417707767518,167.30764801738187,117.07536121673004,43.3313889159745,38.80282174956304,48.21015918180555,143.45906210392903,48.23128037542119
Corn rust leaf,plant-rust-southern-rust-on-corn-leaf-plant-diseases-rust-of-wheat.jpg,700,482,1.4522821576763485,78627,76.7841796875,RGB,107.68582987551868,126.41276526378186,67.31572021339656,55.580232640582324,48.54933460913701,40.13117459448578,100.47143845089903,54.40898472982008
Corn rust leaf,Figure-4-stripe-rust.jpg,1712,1368,1.2514619883040936,483686,472.349609375,RGB,124.30397913592392,150.43972244425316,114.75440475214516,75.9644301915771,65.06670811238939,86.17358014361301,129.83270211077408,77.70184079688592
Corn rust leaf,37310253326_7f32b316d1_b.jpg,1024,768,1.3333333333333333,234755,229.2529296875,RGB,108.83794403076172,120.68962732950847,76.17760340372722,53.65178196724489,44.83980709827855,53.6792840274655,101.90172492133246,54.26298426139931
